{
  "nVisible": 12,
  "nHidden": 6,
  "W": [
    [
      -1.3321290016174316,
      1.9957058429718018,
      2.7312417030334473,
      -3.756071090698242,
      -2.0847620964050293,
      0.6688972115516663
    ],
    [
      -4.398890018463135,
      1.8932790756225586,
      4.130422592163086,
      -1.4848688840866089,
      -0.9682714939117432,
      -0.9715180993080139
    ],
    [
      -0.07645297050476074,
      -1.3448715209960938,
      1.5547658205032349,
      -2.414116144180298,
      -2.1412556171417236,
      3.111992359161377
    ],
    [
      -1.819998860359192,
      -1.1210728883743286,
      -3.55122709274292,
      -1.8370020389556885,
      0.5591696500778198,
      -1.638602375984192
    ],
    [
      -3.4925036430358887,
      -2.2309234142303467,
      -3.515927314758301,
      -0.40014785528182983,
      0.4239085912704468,
      -0.6518899202346802
    ],
    [
      -2.61541485786438,
      -1.893692970275879,
      -4.662123680114746,
      -1.9649113416671753,
      1.6451839208602905,
      0.47140493988990784
    ],
    [
      4.180780410766602,
      -1.5762722492218018,
      2.4034183025360107,
      -0.21157699823379517,
      0.07600139826536179,
      -2.787668466567993
    ],
    [
      0.5628024339675903,
      -4.747485160827637,
      1.2780389785766602,
      0.3152308464050293,
      -2.28279972076416,
      2.2113852500915527
    ],
    [
      3.309227228164673,
      -2.0685718059539795,
      2.3729774951934814,
      0.055724505335092545,
      -1.5296963453292847,
      -3.179393768310547
    ],
    [
      0.3958683907985687,
      -1.0953353643417358,
      -1.1025515794754028,
      0.843092143535614,
      -1.7737210988998413,
      3.188328981399536
    ],
    [
      1.4700255393981934,
      3.0205273628234863,
      -3.9236667156219482,
      4.405506134033203,
      -3.798262119293213,
      -1.0820581912994385
    ],
    [
      -0.7401126623153687,
      -0.7724151611328125,
      -0.8688669800758362,
      1.9588875770568848,
      -3.207977533340454,
      1.402182698249817
    ]
  ],
  "bv": [
    -1.3158246278762817,
    -2.047405242919922,
    0.364652156829834,
    2.3571345806121826,
    2.0689780712127686,
    2.3098325729370117,
    -3.846118211746216,
    0.27496638894081116,
    -1.4267457723617554,
    -0.6007238030433655,
    -3.2755889892578125,
    0.35863351821899414
  ],
  "bh": [
    0.4156365990638733,
    4.028100490570068,
    0.9184014201164246,
    1.8083559274673462,
    5.417036533355713,
    -1.9684295654296875
  ]
}