{
  "nVisible": 12,
  "nHidden": 6,
  "W": [
    [
      -0.990829586982727,
      0.4998280704021454,
      1.6934094429016113,
      -1.6634544134140015,
      -1.144396185874939,
      1.6069341897964478
    ],
    [
      -1.3766367435455322,
      0.9218131899833679,
      1.3313764333724976,
      -1.5271172523498535,
      -0.8289896249771118,
      1.4514212608337402
    ],
    [
      -0.03127947822213173,
      -1.1263248920440674,
      1.6700927019119263,
      -2.4287149906158447,
      -1.9160741567611694,
      0.49352797865867615
    ],
    [
      -1.678756594657898,
      -1.0464619398117065,
      -2.5261662006378174,
      -0.610026478767395,
      1.0220215320587158,
      -1.2120411396026611
    ],
    [
      -1.0379785299301147,
      -0.598189115524292,
      -1.472490668296814,
      -0.9111323356628418,
      1.4005855321884155,
      -1.3605408668518066
    ],
    [
      -1.3300342559814453,
      -1.5197105407714844,
      -1.9846984148025513,
      -1.9389991760253906,
      0.9905208349227905,
      -0.7051852345466614
    ],
    [
      0.5254969000816345,
      -1.3024768829345703,
      1.5816532373428345,
      2.1084625720977783,
      1.8323493003845215,
      -0.5714297890663147
    ],
    [
      1.4458086490631104,
      -2.7791173458099365,
      2.0885777473449707,
      0.17565739154815674,
      0.02569575607776642,
      -0.764044463634491
    ],
    [
      2.1718995571136475,
      -2.0389459133148193,
      0.7487828731536865,
      0.45635202527046204,
      0.8220022320747375,
      -1.816571831703186
    ],
    [
      2.206757068634033,
      -0.026651209220290184,
      -0.29695647954940796,
      -0.2906920909881592,
      -2.231167793273926,
      -1.8714925050735474
    ],
    [
      1.7546424865722656,
      1.5132564306259155,
      -1.782335877418518,
      1.1269174814224243,
      -2.079630136489868,
      -0.5521018505096436
    ],
    [
      1.3247413635253906,
      1.8369349241256714,
      -1.5158705711364746,
      0.0446147695183754,
      -1.0715175867080688,
      -0.9029138088226318
    ]
  ],
  "bv": [
    -0.8393768668174744,
    -0.8569455146789551,
    0.21923016011714935,
    1.0651782751083374,
    0.5250957012176514,
    1.4436593055725098,
    -3.4278082847595215,
    -1.6980618238449097,
    -2.1242873668670654,
    -0.50834059715271,
    -1.2283434867858887,
    -1.162526249885559
  ],
  "bh": [
    -0.37136250734329224,
    0.7801893353462219,
    0.10745017975568771,
    0.09531544148921967,
    0.5617755651473999,
    -0.8417680263519287
  ]
}