{
  "nVisible": 12,
  "nHidden": 6,
  "W": [
    [
      -1.6529619693756104,
      0.8870421051979065,
      2.7582733631134033,
      -2.395418643951416,
      -0.4911835193634033,
      0.8299551010131836
    ],
    [
      -4.360927104949951,
      3.260765552520752,
      4.246771335601807,
      -2.472393751144409,
      0.23611699044704437,
      -0.402858704328537
    ],
    [
      -0.11587218195199966,
      -0.6349486112594604,
      0.951029896736145,
      -1.110602855682373,
      -2.6468398571014404,
      2.3869283199310303
    ],
    [
      -2.0506269931793213,
      -0.8088321089744568,
      -3.5570857524871826,
      -2.117600679397583,
      0.5916656255722046,
      -1.7716126441955566
    ],
    [
      -3.4699230194091797,
      -2.3248815536499023,
      -3.5729708671569824,
      -0.8283714056015015,
      0.004258813802152872,
      -0.8138465881347656
    ],
    [
      -2.702730894088745,
      -1.1294647455215454,
      -5.128319263458252,
      -2.6176018714904785,
      1.3963288068771362,
      0.7734304666519165
    ],
    [
      4.198291301727295,
      -1.5518015623092651,
      2.739811420440674,
      0.5153042674064636,
      1.4006096124649048,
      -2.811424970626831
    ],
    [
      1.0426427125930786,
      -4.924196720123291,
      0.7898303270339966,
      -0.6967871785163879,
      -2.773662805557251,
      1.32167387008667
    ],
    [
      3.4730217456817627,
      -1.1361833810806274,
      1.9784915447235107,
      -0.29631444811820984,
      -0.6844217777252197,
      -2.0794870853424072
    ],
    [
      0.034578945487737656,
      -1.0007736682891846,
      -0.5967339873313904,
      1.1879770755767822,
      -3.489269495010376,
      2.456210136413574
    ],
    [
      0.9993248581886292,
      3.48620343208313,
      -4.269504547119141,
      5.145077228546143,
      -2.1928341388702393,
      -1.1975325345993042
    ],
    [
      -0.1348346322774887,
      -0.7536917328834534,
      -0.25084200501441956,
      1.680189609527588,
      -3.1831934452056885,
      1.404779076576233
    ]
  ],
  "bv": [
    -2.2974202632904053,
    -2.9799561500549316,
    -1.0053856372833252,
    2.178612232208252,
    1.9717789888381958,
    1.7422901391983032,
    -4.635254383087158,
    -0.3593410551548004,
    -2.3151402473449707,
    -1.1468135118484497,
    -3.1966750621795654,
    -0.9095956683158875
  ],
  "bh": [
    0.15347792208194733,
    0.7396513819694519,
    0.11874445527791977,
    0.1665186882019043,
    1.6071910858154297,
    -0.5454199314117432
  ]
}